{
    "GAT_train_loss__5_16_0.5": [
        1.9585071802139282,
        1.4737802743911743,
        1.0171693563461304,
        0.7481682300567627,
        0.5263781547546387,
        0.3826165497303009,
        0.2912898063659668,
        0.24667766690254211,
        0.15912851691246033,
        0.14901234209537506
    ],
    "GAT_train_acc__5_16_0.5": [
        0.15714286267757416,
        0.7928571701049805,
        0.8928571343421936,
        0.9642857313156128,
        0.9571428298950195,
        0.9571428298950195,
        0.9357143044471741,
        0.9428571462631226,
        0.9642857313156128,
        0.9714285731315613
    ],
    "GAT_val_loss__5_16_0.5": [
        1.6527986526489258
    ],
    "GAT_val_acc__5_16_0.5": [
        0.5879999995231628
    ]
}