{
    "GAT_train_loss_/_emb_5_hid_16_hea_8_dro_0.6": [
        1.7540289163589478,
        1.6187318563461304,
        1.4837086200714111,
        1.3511251211166382,
        1.2861140966415405
    ],
    "GAT_train_acc_/_emb_5_hid_16_hea_8_dro_0.6": [
        0.15714286267757416,
        0.3142857253551483,
        0.4571428596973419,
        0.5642856955528259,
        0.6285714507102966
    ],
    "GAT_val_loss_/_emb_5_hid_16_hea_8_dro_0.6": [
        1.7786848545074463
    ],
    "GAT_val_acc_/_emb_5_hid_16_hea_8_dro_0.6": [
        0.25600001215934753
    ],
    "GCN_train_loss_/_emb_5_hid_16_dro_0.5": [
        1.795667290687561,
        1.7168201208114624,
        1.6630382537841797,
        1.6115707159042358,
        1.581949234008789
    ],
    "GCN_train_acc_/_emb_5_hid_16_dro_0.5": [
        0.3571428656578064,
        0.3499999940395355,
        0.3857142925262451,
        0.3571428656578064,
        0.3642857074737549
    ],
    "GCN_val_loss_/_emb_5_hid_16_dro_0.5": [
        1.807498812675476
    ],
    "GCN_val_acc_/_emb_5_hid_16_dro_0.5": [
        0.30000001192092896
    ],
    "SAGE_train_loss_/_emb_5_hid_512_dro_0.5": [
        2.6771459579467773,
        2.4163196086883545,
        1.6332060098648071,
        1.9619287252426147,
        1.4777430295944214
    ],
    "SAGE_train_acc_/_emb_5_hid_512_dro_0.5": [
        0.34285715222358704,
        0.44999998807907104,
        0.44999998807907104,
        0.24285714328289032,
        0.4285714328289032
    ],
    "SAGE_val_loss_/_emb_5_hid_512_dro_0.5": [
        2.798396587371826
    ],
    "SAGE_val_acc_/_emb_5_hid_512_dro_0.5": [
        0.1940000057220459
    ]
}