{
    "GAT_train_loss_/_emb_5_hid_16_hea_8_dro_0.6": [
        1.7540289163589478,
        1.6187318563461304,
        1.4837086200714111,
        1.3511251211166382,
        1.2861140966415405
    ],
    "GAT_train_acc_/_emb_5_hid_16_hea_8_dro_0.6": [
        0.15714286267757416,
        0.3142857253551483,
        0.4571428596973419,
        0.5642856955528259,
        0.6285714507102966
    ],
    "GAT_val_loss_/_emb_5_hid_16_hea_8_dro_0.6": [
        1.7786848545074463
    ],
    "GAT_val_acc_/_emb_5_hid_16_hea_8_dro_0.6": [
        0.25600001215934753
    ],
    "GCN_train_loss_/_emb_5_hid_16_dro_0.5": [
        1.795667290687561,
        1.7168201208114624,
        1.6630382537841797,
        1.6115707159042358,
        1.581949234008789
    ],
    "GCN_train_acc_/_emb_5_hid_16_dro_0.5": [
        0.3571428656578064,
        0.3499999940395355,
        0.3857142925262451,
        0.3571428656578064,
        0.3642857074737549
    ],
    "GCN_val_loss_/_emb_5_hid_16_dro_0.5": [
        1.807498812675476
    ],
    "GCN_val_acc_/_emb_5_hid_16_dro_0.5": [
        0.30000001192092896
    ],
    "SAGE_train_loss_/_emb_5_hid_512_dro_0.5": [
        2.6771459579467773,
        2.4163196086883545,
        1.6332060098648071,
        1.9619287252426147,
        1.4777430295944214
    ],
    "SAGE_train_acc_/_emb_5_hid_512_dro_0.5": [
        0.34285715222358704,
        0.44999998807907104,
        0.44999998807907104,
        0.24285714328289032,
        0.4285714328289032
    ],
    "SAGE_val_loss_/_emb_5_hid_512_dro_0.5": [
        2.798396587371826
    ],
    "SAGE_val_acc_/_emb_5_hid_512_dro_0.5": [
        0.1940000057220459
    ],
    "GCN_train_loss_/_emb_64_hid_16_dro_0.2": [
        1.2398908138275146,
        1.1244703531265259,
        1.0233460664749146,
        0.9250985383987427,
        0.850557804107666,
        0.7969751358032227,
        0.7624433636665344,
        0.6899502873420715,
        0.6461465358734131,
        0.6213025450706482
    ],
    "GCN_train_acc_/_emb_64_hid_16_dro_0.2": [
        0.6857143044471741,
        0.7857142686843872,
        0.8214285969734192,
        0.7714285850524902,
        0.699999988079071,
        0.6928571462631226,
        0.6928571462631226,
        0.7928571701049805,
        0.8357142806053162,
        0.8571428656578064
    ],
    "GCN_val_loss_/_emb_64_hid_16_dro_0.2": [
        0.00269781494140625
    ],
    "GCN_val_acc_/_emb_64_hid_16_dro_0.2": [
        0.66
    ],
    "GCN_train_loss_/_emb_64_hid_16_dro_0_hid_[20]_hid_[5]_hid_[5]_dro_0_dro_0_dro_0": [
        1.1153854131698608,
        1.0284595489501953,
        0.9297747015953064,
        0.8675960302352905,
        0.815184473991394,
        0.7576228380203247,
        0.715105414390564,
        0.6826009750366211,
        0.6484645009040833,
        0.616347074508667
    ],
    "GCN_train_acc_/_emb_64_hid_16_dro_0_hid_[20]_hid_[5]_hid_[5]_dro_0_dro_0_dro_0": [
        0.8071428537368774,
        0.8285714387893677,
        0.8214285969734192,
        0.8285714387893677,
        0.8357142806053162,
        0.8500000238418579,
        0.8642857074737549,
        0.8714285492897034,
        0.8642857074737549,
        0.8642857074737549
    ],
    "GCN_val_loss_/_emb_64_hid_16_dro_0_hid_[20]_hid_[5]_hid_[5]_dro_0_dro_0_dro_0": [
        0.0025260782241821288
    ],
    "GCN_val_acc_/_emb_64_hid_16_dro_0_hid_[20]_hid_[5]_hid_[5]_dro_0_dro_0_dro_0": [
        0.65
    ],
    "GCN_train_loss_/_emb_128_hid_16_dro_0_hid_[20]_hid_[5]_hid_[5]_dro_0_dro_0_dro_0": [
        1.1041700839996338,
        0.9693334102630615,
        0.855940043926239,
        0.7622004151344299,
        0.6956089735031128,
        0.6364061236381531,
        0.5839724540710449,
        0.540507972240448,
        0.505623459815979,
        0.47646793723106384
    ],
    "GCN_train_acc_/_emb_128_hid_16_dro_0_hid_[20]_hid_[5]_hid_[5]_dro_0_dro_0_dro_0": [
        0.7357142567634583,
        0.8285714387893677,
        0.8500000238418579,
        0.8500000238418579,
        0.8500000238418579,
        0.8500000238418579,
        0.8571428656578064,
        0.8571428656578064,
        0.8571428656578064,
        0.8571428656578064
    ],
    "GCN_val_loss_/_emb_128_hid_16_dro_0_hid_[20]_hid_[5]_hid_[5]_dro_0_dro_0_dro_0": [
        0.002922455549240112
    ],
    "GCN_val_acc_/_emb_128_hid_16_dro_0_hid_[20]_hid_[5]_hid_[5]_dro_0_dro_0_dro_0": [
        0.504
    ],
    "GCN_train_loss_/_emb_256_hid_16_dro_0_hid_[20]_hid_[5]_hid_[5]_dro_0_dro_0_dro_0": [
        0.80536288022995,
        0.8035671710968018,
        0.6909668445587158,
        0.6563047170639038,
        0.6415539979934692,
        0.6020879745483398,
        0.5670567154884338,
        0.5504016280174255,
        0.5414660573005676,
        0.5294718742370605
    ],
    "GCN_train_acc_/_emb_256_hid_16_dro_0_hid_[20]_hid_[5]_hid_[5]_dro_0_dro_0_dro_0": [
        0.7428571581840515,
        0.7214285731315613,
        0.8285714387893677,
        0.8142856955528259,
        0.75,
        0.7714285850524902,
        0.8428571224212646,
        0.8571428656578064,
        0.8571428656578064,
        0.8571428656578064
    ],
    "GCN_val_loss_/_emb_256_hid_16_dro_0_hid_[20]_hid_[5]_hid_[5]_dro_0_dro_0_dro_0": [
        0.0028686861991882324
    ],
    "GCN_val_acc_/_emb_256_hid_16_dro_0_hid_[20]_hid_[5]_hid_[5]_dro_0_dro_0_dro_0": [
        0.378
    ],
    "GCN_train_loss_/_emb_64_hid_32_dro_0_hid_[20]_hid_[5]_hid_[5]_dro_0_dro_0_dro_0": [
        1.153536081314087,
        1.0713424682617188,
        0.9763455986976624,
        0.8958305716514587,
        0.8516319394111633,
        0.8171635270118713,
        0.780907928943634,
        0.7523961067199707,
        0.7335789799690247,
        0.7186840176582336
    ],
    "GCN_train_acc_/_emb_64_hid_32_dro_0_hid_[20]_hid_[5]_hid_[5]_dro_0_dro_0_dro_0": [
        0.6142857074737549,
        0.7785714268684387,
        0.8357142806053162,
        0.8214285969734192,
        0.8142856955528259,
        0.8214285969734192,
        0.8142856955528259,
        0.8214285969734192,
        0.8428571224212646,
        0.8571428656578064
    ],
    "GCN_val_loss_/_emb_64_hid_32_dro_0_hid_[20]_hid_[5]_hid_[5]_dro_0_dro_0_dro_0": [
        0.0031262907981872558
    ],
    "GCN_val_acc_/_emb_64_hid_32_dro_0_hid_[20]_hid_[5]_hid_[5]_dro_0_dro_0_dro_0": [
        0.47
    ],
    "GCN_train_loss_/_emb_128_hid_32_dro_0_hid_[20]_hid_[5]_hid_[5]_dro_0_dro_0_dro_0": [
        0.38482385873794556,
        0.3401891887187958,
        0.2683454155921936,
        0.23587177693843842,
        0.21638184785842896,
        0.1954672783613205,
        0.17547960579395294,
        0.16152337193489075,
        0.1523308902978897,
        0.14489848911762238
    ],
    "GCN_train_acc_/_emb_128_hid_32_dro_0_hid_[20]_hid_[5]_hid_[5]_dro_0_dro_0_dro_0": [
        0.9785714149475098,
        1.0,
        1.0,
        1.0,
        1.0,
        1.0,
        1.0,
        1.0,
        0.9928571581840515,
        0.9928571581840515
    ],
    "GCN_val_loss_/_emb_128_hid_32_dro_0_hid_[20]_hid_[5]_hid_[5]_dro_0_dro_0_dro_0": [
        0.001978207468986511
    ],
    "GCN_val_acc_/_emb_128_hid_32_dro_0_hid_[20]_hid_[5]_hid_[5]_dro_0_dro_0_dro_0": [
        0.696
    ],
    "GCN_train_loss_/_emb_256_hid_32_dro_0_hid_[20]_hid_[5]_hid_[5]_dro_0_dro_0_dro_0": [
        0.43887490034103394,
        0.38198164105415344,
        0.3057080805301666,
        0.2588505744934082,
        0.21617431938648224,
        0.1977020800113678,
        0.18211595714092255,
        0.16650255024433136,
        0.15298722684383392,
        0.14182743430137634
    ],
    "GCN_train_acc_/_emb_256_hid_32_dro_0_hid_[20]_hid_[5]_hid_[5]_dro_0_dro_0_dro_0": [
        0.9857142567634583,
        0.9785714149475098,
        0.9928571581840515,
        0.9928571581840515,
        1.0,
        1.0,
        1.0,
        1.0,
        1.0,
        1.0
    ],